,ancientplace,coord,romanscript,namehistory,cdli2,pleiades,Unnamed: 0,Double record?,qid,Sarwiki,P418,P34,Unnamed: 5,Unnamed: 6,Senwiki,P671,P34.1,Wikidata_qid,Wikidata2,Len,Den,P2,P2.1,P131,P131.1,lat_lon_P48,P670,qal18,wik_en_x,sv.wiki,wik_tr_x,Description,anc_name_x,lat_wgs1984,lon_wgs1984,accuracy_x,qid.1,"cdli_legacy_""Len""",cdli_provenience_id_P694,transciption_name,language,tr_name,ara_name_x,arm_name_x,fas_name_x,geo_name_x,gre_name_x,heb_name_x,rus_name_x,pleiades_id_P671,osm_id_x,osm_type_x,site_id_x,geonames_id_x,Unnamed: 47,wik_ara_x,wik_fas_x,wik_gre_x,wik_heb_x,wik_en.1,lan,qid.2,"qid,Len,Lfr,Lde,Den,P2,P2,P131,P131,P48,P670,qal18",place,link,placeLabel,site_id_y,cdli_provenience_id,accuracy_y,anc_name_y,transc_name,ara_name_y,arm_name_y,fas_name_y,geo_name_y,gre_name_y,heb_name_y,rus_name_y,pleiades_id,osm_id_y,osm_type_y,geonames_id_y,cdli_legacy,wik_en_y,wik_ara_y,wik_fas_y,wik_gre_y,wik_heb_y,wik_tr_y,geometry,_merge
2,https://database.factgrid.de/entity/Q389898,Point(40.0399 36.8268),Tall Ḥalaf,تل حلف,,874739.0,,,,,,,,,,,,,,,,,,,,,,,,,,,,,,,,,,,,,,,,,,,,,,,,,,,,,,,,,,,,,,,,,,,,,,,,,,,,,,,,,,,,,left_only
4,https://database.factgrid.de/entity/Q389891,Point(40.5872 36.7381),Tall Baiydar,تل بيدر,260.0,423885388.0,,,,,,,,,,,,,,,,,,,,,,,,,,,,,,,,,,,,,,,,,,,,,,,,,,,,,,,,,,,,,,,,,,,,,,,,,,,,,,,,,,,,,left_only
8,https://database.factgrid.de/entity/Q389896,Point(40.8887 34.5504),Tall Ḥarīrī,تل حريري,161.0,286681704.0,,,,,,,,,,,,,,,,,,,,,,,,,,,,,,,,,,,,,,,,,,,,,,,,,,,,,,,,,,,,,,,,,,,,,,,,,,,,,,,,,,,,,left_only
11,https://database.factgrid.de/entity/Q389894,Point(45.0563 34.1928),Tall Ḥadād,تل حداد,149.0,894042.0,,,,,,,,,,,,,,,,,,,,,,,,,,,,,,,,,,,,,,,,,,,,,,,,,,,,,,,,,,,,,,,,,,,,,,,,,,,,,,,,,,,,,left_only
23,https://database.factgrid.de/entity/Q390166,Point(58.6555 51.2297),Novy Kumak,,,,,,,,,,,,,,,,,,,,,,,,,,,,,,,,,,,,,,,,,,,,,,,,,,,,,,,,,,,,,,,,,,,,,,,,,,,,,,,,,,,,,,,,left_only
38,https://database.factgrid.de/entity/Q390113,Point(43.0669 38.8107),Arinçkus,,,,,,,,,,,,,,,,,,,,,,,,,,,,,,,,,,,,,,,,,,,,,,,,,,,,,,,,,,,,,,,,,,,,,,,,,,,,,,,,,,,,,,,,left_only
39,https://database.factgrid.de/entity/Q390161,Point(45.3689 32.1529),Irisagrig,,48.0,,,,,,,,,,,,,,,,,,,,,,,,,,,,,,,,,,,,,,,,,,,,,,,,,,,,,,,,,,,,,,,,,,,,,,,,,,,,,,,,,,,,,,left_only
40,https://database.factgrid.de/entity/Q390167,Point(62.0377 38.2129),Goňur depe,,,391537222.0,,,,,,,,,,,,,,,,,,,,,,,,,,,,,,,,,,,,,,,,,,,,,,,,,,,,,,,,,,,,,,,,,,,,,,,,,,,,,,,,,,,,,left_only
85,https://database.factgrid.de/entity/Q389713,Point(48.5684 32.0686),Dah-i Nū,دە نو,206.0,903011.0,,,,,,,,,,,,,,,,,,,,,,,,,,,,,,,,,,,,,,,,,,,,,,,,,,,,,,,,,,,,,,,,,,,,,,,,,,,,,,,,,,,,,left_only
86,https://database.factgrid.de/entity/Q389712,Point(69.1954 34.5153),Chaman-i Ḥaz̤ūrī,چمن حضوری,,,,,,,,,,,,,,,,,,,,,,,,,,,,,,,,,,,,,,,,,,,,,,,,,,,,,,,,,,,,,,,,,,,,,,,,,,,,,,,,,,,,,,,left_only
89,https://database.factgrid.de/entity/Q389752,Point(45.1383 40.3547),Gavaṛ,,,863819.0,,,,,,,,,,,,,,,,,,,,,,,,,,,,,,,,,,,,,,,,,,,,,,,,,,,,,,,,,,,,,,,,,,,,,,,,,,,,,,,,,,,,,left_only
95,https://database.factgrid.de/entity/Q389710,Point(48.5555 32.224),Chughā Mīsh,چغامیش,137.0,912829.0,,,,,,,,,,,,,,,,,,,,,,,,,,,,,,,,,,,,,,,,,,,,,,,,,,,,,,,,,,,,,,,,,,,,,,,,,,,,,,,,,,,,,left_only
107,https://database.factgrid.de/entity/Q389777,Point(44.7947 32.7029),Tall Barguthiat,,361.0,894000.0,,,,,,,,,,,,,,,,,,,,,,,,,,,,,,,,,,,,,,,,,,,,,,,,,,,,,,,,,,,,,,,,,,,,,,,,,,,,,,,,,,,,,left_only
116,https://database.factgrid.de/entity/Q389773,Point(43.4612 35.2652),Tall al-Farḥa,,428.0,,,,,,,,,,,,,,,,,,,,,,,,,,,,,,,,,,,,,,,,,,,,,,,,,,,,,,,,,,,,,,,,,,,,,,,,,,,,,,,,,,,,,,left_only
119,https://database.factgrid.de/entity/Q389707,Point(48.4862 32.1851),Chughā Pahn,چغاپهن,,,,,,,,,,,,,,,,,,,,,,,,,,,,,,,,,,,,,,,,,,,,,,,,,,,,,,,,,,,,,,,,,,,,,,,,,,,,,,,,,,,,,,,left_only
121,https://database.factgrid.de/entity/Q389790,Point(44.5828 33.3029),Ishẖālī,أشخالي,245.0,,,,,,,,,,,,,,,,,,,,,,,,,,,,,,,,,,,,,,,,,,,,,,,,,,,,,,,,,,,,,,,,,,,,,,,,,,,,,,,,,,,,,,left_only
122,https://database.factgrid.de/entity/Q389701,Point(52.4123 30.0119),Tal-I Malyān,تل ملیان,286.0,922729.0,,,,,,,,,,,,,,,,,,,,,,,,,,,,,,,,,,,,,,,,,,,,,,,,,,,,,,,,,,,,,,,,,,,,,,,,,,,,,,,,,,,,,left_only
127,https://database.factgrid.de/entity/Q389738,Point(48.0685 34.5183),Gūdīn Tapah,گودینتپه,97.0,903035.0,,,,,,,,,,,,,,,,,,,,,,,,,,,,,,,,,,,,,,,,,,,,,,,,,,,,,,,,,,,,,,,,,,,,,,,,,,,,,,,,,,,,,left_only
132,https://database.factgrid.de/entity/Q389789,Point(38.4078 36.8484),Arslān Ṭash,أرسلان طاش,35.0,658399.0,,,,,,,,,,,,,,,,,,,,,,,,,,,,,,,,,,,,,,,,,,,,,,,,,,,,,,,,,,,,,,,,,,,,,,,,,,,,,,,,,,,,,left_only
146,https://database.factgrid.de/entity/Q389796,Point(45.481 31.8383),Ishān Abū Ḥaṭab,إشان أبو حطب,314.0,,,,,,,,,,,,,,,,,,,,,,,,,,,,,,,,,,,,,,,,,,,,,,,,,,,,,,,,,,,,,,,,,,,,,,,,,,,,,,,,,,,,,,left_only
152,https://database.factgrid.de/entity/Q389767,Point(45.495 40.1537),Ōdzaberd,,,,,,,,,,,,,,,,,,,,,,,,,,,,,,,,,,,,,,,,,,,,,,,,,,,,,,,,,,,,,,,,,,,,,,,,,,,,,,,,,,,,,,,,left_only
155,https://database.factgrid.de/entity/Q389709,Point(48.5229 32.0078),Chughā Zanbīl,چغازنبیل,109.0,459393126.0,,,,,,,,,,,,,,,,,,,,,,,,,,,,,,,,,,,,,,,,,,,,,,,,,,,,,,,,,,,,,,,,,,,,,,,,,,,,,,,,,,,,,left_only
164,https://database.factgrid.de/entity/Q389787,Point(45.9962 30.8169),Abū Shahraīn,أبو شهرين,59.0,912845.0,,,,,,,,,,,,,,,,,,,,,,,,,,,,,,,,,,,,,,,,,,,,,,,,,,,,,,,,,,,,,,,,,,,,,,,,,,,,,,,,,,,,,left_only
170,https://database.factgrid.de/entity/Q389747,Point(44.538 40.1405),Arin Berd,,,863785.0,,,,,,,,,,,,,,,,,,,,,,,,,,,,,,,,,,,,,,,,,,,,,,,,,,,,,,,,,,,,,,,,,,,,,,,,,,,,,,,,,,,,,left_only
177,https://database.factgrid.de/entity/Q389832,Point(46.1776 31.5591),Tall Tīlūh,تا تيلوه,88.0,912855.0,,,,,,,,,,,,,,,,,,,,,,,,,,,,,,,,,,,,,,,,,,,,,,,,,,,,,,,,,,,,,,,,,,,,,,,,,,,,,,,,,,,,,left_only
178,https://database.factgrid.de/entity/Q389620,Point(32.4914 30.2285),Kabrīt,كبريت,413.0,,,,,,,,,,,,,,,,,,,,,,,,,,,,,,,,,,,,,,,,,,,,,,,,,,,,,,,,,,,,,,,,,,,,,,,,,,,,,,,,,,,,,,left_only
180,https://database.factgrid.de/entity/Q389616,Point(32.5332 25.5832),Ṭūd,طود,,786132.0,,,,,,,,,,,,,,,,,,,,,,,,,,,,,,,,,,,,,,,,,,,,,,,,,,,,,,,,,,,,,,,,,,,,,,,,,,,,,,,,,,,,,left_only
183,https://database.factgrid.de/entity/Q389645,Point(34.7307 31.5474),Tel Hesi,,437.0,,,,,,,,,,,,,,,,,,,,,,,,,,,,,,,,,,,,,,,,,,,,,,,,,,,,,,,,,,,,,,,,,,,,,,,,,,,,,,,,,,,,,,left_only
187,https://database.factgrid.de/entity/Q389954,Point(40.5553 34.9738),Tall Masaikh,جبل مسئخ,,,,,,,,,,,,,,,,,,,,,,,,,,,,,,,,,,,,,,,,,,,,,,,,,,,,,,,,,,,,,,,,,,,,,,,,,,,,,,,,,,,,,,,left_only
188,https://database.factgrid.de/entity/Q389903,Point(45.2922 32.0591),Tall Dariyhim,تل دريهم,160.0,359215729.0,,,,,,,,,,,,,,,,,,,,,,,,,,,,,,,,,,,,,,,,,,,,,,,,,,,,,,,,,,,,,,,,,,,,,,,,,,,,,,,,,,,,,left_only
191,https://database.factgrid.de/entity/Q389955,Point(35.646 34.1191),Jibaīl,جبيل,47.0,668216.0,,,,,,,,,,,,,,,,,,,,,,,,,,,,,,,,,,,,,,,,,,,,,,,,,,,,,,,,,,,,,,,,,,,,,,,,,,,,,,,,,,,,,left_only
200,https://database.factgrid.de/entity/Q389940,Point(38.1126 35.9876),Tall Maskanah,تل مسكنة,143.0,279984092.0,,,,,,,,,,,,,,,,,,,,,,,,,,,,,,,,,,,,,,,,,,,,,,,,,,,,,,,,,,,,,,,,,,,,,,,,,,,,,,,,,,,,,left_only
209,https://database.factgrid.de/entity/Q389967,Point(41.5866 34.4611),Khirbat al-Diniyah,خربة الدينية,276.0,894003.0,,,,,,,,,,,,,,,,,,,,,,,,,,,,,,,,,,,,,,,,,,,,,,,,,,,,,,,,,,,,,,,,,,,,,,,,,,,,,,,,,,,,,left_only
214,https://database.factgrid.de/entity/Q389998,Point(50.5256 26.1517),‘Ālī,عالي,376.0,,,,,,,,,,,,,,,,,,,,,,,,,,,,,,,,,,,,,,,,,,,,,,,,,,,,,,,,,,,,,,,,,,,,,,,,,,,,,,,,,,,,,,left_only
219,https://database.factgrid.de/entity/Q390001,Point(43.2611 35.4557),Qalʻat Shirqāṭ,قاعة شرقط,211.0,893945.0,,,,,,,,,,,,,,,,,,,,,,,,,,,,,,,,,,,,,,,,,,,,,,,,,,,,,,,,,,,,,,,,,,,,,,,,,,,,,,,,,,,,,left_only
220,https://database.factgrid.de/entity/Q390001,Point(43.2611 35.4557),Qalʻat Shirqāṭ,قاعة شرقط,205.0,893945.0,,,,,,,,,,,,,,,,,,,,,,,,,,,,,,,,,,,,,,,,,,,,,,,,,,,,,,,,,,,,,,,,,,,,,,,,,,,,,,,,,,,,,left_only
226,https://database.factgrid.de/entity/Q389969,Point(43.2347 36.5035),Khūrsabāṭ,خورسباط,290.0,874458.0,,,,,,,,,,,,,,,,,,,,,,,,,,,,,,,,,,,,,,,,,,,,,,,,,,,,,,,,,,,,,,,,,,,,,,,,,,,,,,,,,,,,,left_only
229,https://database.factgrid.de/entity/Q389938,Point(36.7983 35.799),Tall Mardīkh,تل مرديخ,79.0,869702586.0,,,,,,,,,,,,,,,,,,,,,,,,,,,,,,,,,,,,,,,,,,,,,,,,,,,,,,,,,,,,,,,,,,,,,,,,,,,,,,,,,,,,,left_only
230,https://database.factgrid.de/entity/Q389914,Point(44.7851 32.0917),Tall Ṣadūm,تل صدوم,223.0,912901.0,,,,,,,,,,,,,,,,,,,,,,,,,,,,,,,,,,,,,,,,,,,,,,,,,,,,,,,,,,,,,,,,,,,,,,,,,,,,,,,,,,,,,left_only
233,https://database.factgrid.de/entity/Q389944,Point(45.6602 32.3127),Tall Wilāiyah,تل ولاية,132.0,762762282.0,,,,,,,,,,,,,,,,,,,,,,,,,,,,,,,,,,,,,,,,,,,,,,,,,,,,,,,,,,,,,,,,,,,,,,,,,,,,,,,,,,,,,left_only
240,https://database.factgrid.de/entity/Q389910,Point(40.8978 36.8755),Tall Shāghir Bāzār,تل شاغر بازار,136.0,480215077.0,,,,,,,,,,,,,,,,,,,,,,,,,,,,,,,,,,,,,,,,,,,,,,,,,,,,,,,,,,,,,,,,,,,,,,,,,,,,,,,,,,,,,left_only
243,https://database.factgrid.de/entity/Q389936,Point(41.5642 36.9243),Tall Muḥamad Diyāb,تل محمد دياب,,957515415.0,,,,,,,,,,,,,,,,,,,,,,,,,,,,,,,,,,,,,,,,,,,,,,,,,,,,,,,,,,,,,,,,,,,,,,,,,,,,,,,,,,,,,left_only
244,https://database.factgrid.de/entity/Q389922,Point(45.9316 33.1238),Tall ‘Aqār,تل عقار,178.0,903013.0,,,,,,,,,,,,,,,,,,,,,,,,,,,,,,,,,,,,,,,,,,,,,,,,,,,,,,,,,,,,,,,,,,,,,,,,,,,,,,,,,,,,,left_only
245,https://database.factgrid.de/entity/Q389957,Point(38.0156 36.8294),Jarāblus,جرابلس,270.0,658465.0,,,,,,,,,,,,,,,,,,,,,,,,,,,,,,,,,,,,,,,,,,,,,,,,,,,,,,,,,,,,,,,,,,,,,,,,,,,,,,,,,,,,,left_only
253,https://database.factgrid.de/entity/Q389941,Point(38.1298 36.2182),Tall Munbāqah,تل منباقه,214.0,703315102.0,,,,,,,,,,,,,,,,,,,,,,,,,,,,,,,,,,,,,,,,,,,,,,,,,,,,,,,,,,,,,,,,,,,,,,,,,,,,,,,,,,,,,left_only
254,https://database.factgrid.de/entity/Q389972,Point(42.9205 36.8623),Dāhuk,دهوك,164.0,955792756.0,,,,,,,,,,,,,,,,,,,,,,,,,,,,,,,,,,,,,,,,,,,,,,,,,,,,,,,,,,,,,,,,,,,,,,,,,,,,,,,,,,,,,left_only
260,https://database.factgrid.de/entity/Q389948,Point(43.2793 35.4944),Tulūl al-‘Aqir,تلول الأقر,234.0,430344980.0,,,,,,,,,,,,,,,,,,,,,,,,,,,,,,,,,,,,,,,,,,,,,,,,,,,,,,,,,,,,,,,,,,,,,,,,,,,,,,,,,,,,,left_only
261,https://database.factgrid.de/entity/Q389981,Point(44.6965 35.8739),Sātū Qalā,ساتو قلا,387.0,,,,,,,,,,,,,,,,,,,,,,,,,,,,,,,,,,,,,,,,,,,,,,,,,,,,,,,,,,,,,,,,,,,,,,,,,,,,,,,,,,,,,,left_only
263,https://database.factgrid.de/entity/Q389973,Point(40.7298 34.7479),Dūrā Awrubūs,دورا أوربوس,220.0,893990.0,,,,,,,,,,,,,,,,,,,,,,,,,,,,,,,,,,,,,,,,,,,,,,,,,,,,,,,,,,,,,,,,,,,,,,,,,,,,,,,,,,,,,left_only
264,https://database.factgrid.de/entity/Q390003,Point(43.7514 36.1039),Qaṣr Shimāmūk,قصر شماموك,302.0,894027.0,,,,,,,,,,,,,,,,,,,,,,,,,,,,,,,,,,,,,,,,,,,,,,,,,,,,,,,,,,,,,,,,,,,,,,,,,,,,,,,,,,,,,left_only
275,https://database.factgrid.de/entity/Q389905,Point(45.9672 31.2946),Tall al-Sifr,تل سفر,210.0,,,,,,,,,,,,,,,,,,,,,,,,,,,,,,,,,,,,,,,,,,,,,,,,,,,,,,,,,,,,,,,,,,,,,,,,,,,,,,,,,,,,,,left_only
276,https://database.factgrid.de/entity/Q389905,Point(45.9672 31.2946),Tall al-Sifr,تل سفر,167.0,,,,,,,,,,,,,,,,,,,,,,,,,,,,,,,,,,,,,,,,,,,,,,,,,,,,,,,,,,,,,,,,,,,,,,,,,,,,,,,,,,,,,,left_only
279,https://database.factgrid.de/entity/Q389923,Point(44.1888 33.3599),Tall ‘Aqarqūf,تل عقرقوف,13.0,893988.0,,,,,,,,,,,,,,,,,,,,,,,,,,,,,,,,,,,,,,,,,,,,,,,,,,,,,,,,,,,,,,,,,,,,,,,,,,,,,,,,,,,,,left_only
284,https://database.factgrid.de/entity/Q390005,Point(50.5209 26.2328),Qalʻat al-Baḥraīn,قلعة البحرين,377.0,932478.0,,,,,,,,,,,,,,,,,,,,,,,,,,,,,,,,,,,,,,,,,,,,,,,,,,,,,,,,,,,,,,,,,,,,,,,,,,,,,,,,,,,,,left_only
288,https://database.factgrid.de/entity/Q389869,Point(43.9799 35.3808),Tall al-Fakhar,تل الفخار,,574198886.0,,,,,,,,,,,,,,,,,,,,,,,,,,,,,,,,,,,,,,,,,,,,,,,,,,,,,,,,,,,,,,,,,,,,,,,,,,,,,,,,,,,,,left_only
289,https://database.factgrid.de/entity/Q389864,Point(38.0359 36.7875),Tall al-Shiyūkh Fūqānī,تل الشيوخ فوقاني,365.0,,,,,,,,,,,,,,,,,,,,,,,,,,,,,,,,,,,,,,,,,,,,,,,,,,,,,,,,,,,,,,,,,,,,,,,,,,,,,,,,,,,,,,left_only
293,https://database.factgrid.de/entity/Q389863,Point(40.7436 35.6463),Tall al-Shaiykh Hamad,تل الشيخ حمد,135.0,893991.0,,,,,,,,,,,,,,,,,,,,,,,,,,,,,,,,,,,,,,,,,,,,,,,,,,,,,,,,,,,,,,,,,,,,,,,,,,,,,,,,,,,,,left_only
294,https://database.factgrid.de/entity/Q389803,Point(42.5973 36.4295),Tall Abū Māriyā,ال أبو ماريا,158.0,874723.0,,,,,,,,,,,,,,,,,,,,,,,,,,,,,,,,,,,,,,,,,,,,,,,,,,,,,,,,,,,,,,,,,,,,,,,,,,,,,,,,,,,,,left_only
295,https://database.factgrid.de/entity/Q389803,Point(42.5973 36.4295),Tall Abū Māriyā,ال أبو ماريا,185.0,874723.0,,,,,,,,,,,,,,,,,,,,,,,,,,,,,,,,,,,,,,,,,,,,,,,,,,,,,,,,,,,,,,,,,,,,,,,,,,,,,,,,,,,,,left_only
298,https://database.factgrid.de/entity/Q389889,Point(41.127 36.7386),Tall Barri,تل بري,300.0,874732.0,,,,,,,,,,,,,,,,,,,,,,,,,,,,,,,,,,,,,,,,,,,,,,,,,,,,,,,,,,,,,,,,,,,,,,,,,,,,,,,,,,,,,left_only
299,https://database.factgrid.de/entity/Q389800,Point(45.2688 31.8852),Īšān Baḥrīyāt,إشان نحريات,303.0,912868.0,,,,,,,,,,,,,,,,,,,,,,,,,,,,,,,,,,,,,,,,,,,,,,,,,,,,,,,,,,,,,,,,,,,,,,,,,,,,,,,,,,,,,left_only
303,https://database.factgrid.de/entity/Q389885,Point(40.8136 36.3875),Tall Budayrī,تل بديري,,,,,,,,,,,,,,,,,,,,,,,,,,,,,,,,,,,,,,,,,,,,,,,,,,,,,,,,,,,,,,,,,,,,,,,,,,,,,,,,,,,,,,,left_only
306,https://database.factgrid.de/entity/Q389827,Point(43.4033 36.2294),Balāwāt,بلاوات,275.0,90032637.0,,,,,,,,,,,,,,,,,,,,,,,,,,,,,,,,,,,,,,,,,,,,,,,,,,,,,,,,,,,,,,,,,,,,,,,,,,,,,,,,,,,,,left_only
307,https://database.factgrid.de/entity/Q389859,Point(42.45 36.2569),Tall al-Rimah,تل الرمة,242.0,356369838.0,,,,,,,,,,,,,,,,,,,,,,,,,,,,,,,,,,,,,,,,,,,,,,,,,,,,,,,,,,,,,,,,,,,,,,,,,,,,,,,,,,,,,left_only
312,https://database.factgrid.de/entity/Q389862,Point(39.4981 36.6469),Tall al-Shuwaiyrah,تل الشويرة,204.0,677382294.0,,,,,,,,,,,,,,,,,,,,,,,,,,,,,,,,,,,,,,,,,,,,,,,,,,,,,,,,,,,,,,,,,,,,,,,,,,,,,,,,,,,,,left_only
315,https://database.factgrid.de/entity/Q389886,Point(41.0584 36.667),Tall Brāk,تل براك,217.0,874735.0,,,,,,,,,,,,,,,,,,,,,,,,,,,,,,,,,,,,,,,,,,,,,,,,,,,,,,,,,,,,,,,,,,,,,,,,,,,,,,,,,,,,,left_only
324,https://database.factgrid.de/entity/Q389884,Point(38.2762 36.4273),Tall Bāzy,تل بازي,,,,,,,,,,,,,,,,,,,,,,,,,,,,,,,,,,,,,,,,,,,,,,,,,,,,,,,,,,,,,,,,,,,,,,,,,,,,,,,,,,,,,,,left_only
326,https://database.factgrid.de/entity/Q389830,Point(43.1037 36.4222),Baysān,بيسان,231.0,,,,,,,,,,,,,,,,,,,,,,,,,,,,,,,,,,,,,,,,,,,,,,,,,,,,,,,,,,,,,,,,,,,,,,,,,,,,,,,,,,,,,,left_only
327,https://database.factgrid.de/entity/Q389878,Point(36.5194 34.557),Tall al-Nabī Mandū,تل النبي مندو,,668291.0,,,,,,,,,,,,,,,,,,,,,,,,,,,,,,,,,,,,,,,,,,,,,,,,,,,,,,,,,,,,,,,,,,,,,,,,,,,,,,,,,,,,,left_only
329,https://database.factgrid.de/entity/Q389820,Point(44.4258 32.535),Bābīl,بابيل,299.0,893951.0,,,,,,,,,,,,,,,,,,,,,,,,,,,,,,,,,,,,,,,,,,,,,,,,,,,,,,,,,,,,,,,,,,,,,,,,,,,,,,,,,,,,,left_only
330,https://database.factgrid.de/entity/Q389820,Point(44.4258 32.535),Bābīl,بابيل,200.0,893951.0,,,,,,,,,,,,,,,,,,,,,,,,,,,,,,,,,,,,,,,,,,,,,,,,,,,,,,,,,,,,,,,,,,,,,,,,,,,,,,,,,,,,,left_only
333,https://database.factgrid.de/entity/Q389825,Point(44.3434 32.3924),Birs Nimrūd,برس نمرود,83.0,893964.0,,,,,,,,,,,,,,,,,,,,,,,,,,,,,,,,,,,,,,,,,,,,,,,,,,,,,,,,,,,,,,,,,,,,,,,,,,,,,,,,,,,,,left_only
336,https://database.factgrid.de/entity/Q389880,Point(46.4108 31.4182),Tall al-Hibā,تل الهبا,39.0,959120263.0,,,,,,,,,,,,,,,,,,,,,,,,,,,,,,,,,,,,,,,,,,,,,,,,,,,,,,,,,,,,,,,,,,,,,,,,,,,,,,,,,,,,,left_only
346,https://database.factgrid.de/entity/Q389875,Point(46.004 31.3832),Tall al-Madinah,تل المدينة,133.0,771224406.0,,,,,,,,,,,,,,,,,,,,,,,,,,,,,,,,,,,,,,,,,,,,,,,,,,,,,,,,,,,,,,,,,,,,,,,,,,,,,,,,,,,,,left_only
350,https://database.factgrid.de/entity/Q389868,Point(36.3842 36.2377),Tel Açana,تل العطشانة,162.0,309866128.0,,,,,,,,,,,,,,,,,,,,,,,,,,,,,,,,,,,,,,,,,,,,,,,,,,,,,,,,,,,,,,,,,,,,,,,,,,,,,,,,,,,,,left_only
352,https://database.factgrid.de/entity/Q389848,Point(44.6112 32.7605),Tall Ībrāhīm,تل إبراهيم,23.0,893977.0,,,,,,,,,,,,,,,,,,,,,,,,,,,,,,,,,,,,,,,,,,,,,,,,,,,,,,,,,,,,,,,,,,,,,,,,,,,,,,,,,,,,,left_only
354,https://database.factgrid.de/entity/Q389831,Point(44.7276 33.4837),Tall ʼAsmar,تا أسمر,91.0,90720956.0,,,,,,,,,,,,,,,,,,,,,,,,,,,,,,,,,,,,,,,,,,,,,,,,,,,,,,,,,,,,,,,,,,,,,,,,,,,,,,,,,,,,,left_only
355,https://database.factgrid.de/entity/Q389888,Point(46.1189 31.4433),Tall Baridiyah,تل بردية,38.0,,,,,,,,,,,,,,,,,,,,,,,,,,,,,,,,,,,,,,,,,,,,,,,,,,,,,,,,,,,,,,,,,,,,,,,,,,,,,,,,,,,,,,left_only
356,https://database.factgrid.de/entity/Q389822,Point(42.7213 36.9589),Bassatki,باستكي,24.0,,,,,,,,,,,,,,,,,,,,,,,,,,,,,,,,,,,,,,,,,,,,,,,,,,,,,,,,,,,,,,,,,,,,,,,,,,,,,,,,,,,,,,left_only
359,https://database.factgrid.de/entity/Q389841,Point(45.2207 32.4055),Tall Abū Duwārī,تل أبو دواري,192.0,715980704.0,,,,,,,,,,,,,,,,,,,,,,,,,,,,,,,,,,,,,,,,,,,,,,,,,,,,,,,,,,,,,,,,,,,,,,,,,,,,,,,,,,,,,left_only
362,https://database.factgrid.de/entity/Q389871,Point(43.4095 36.3056),Tall al-Qaddīsah Barbārah,تل القديسة بربارة,,,,,,,,,,,,,,,,,,,,,,,,,,,,,,,,,,,,,,,,,,,,,,,,,,,,,,,,,,,,,,,,,,,,,,,,,,,,,,,,,,,,,,,left_only
364,https://database.factgrid.de/entity/Q389828,Point(45.5218 31.5757),Banāt al-Hassan,بنات الحسن,,912818.0,,,,,,,,,,,,,,,,,,,,,,,,,,,,,,,,,,,,,,,,,,,,,,,,,,,,,,,,,,,,,,,,,,,,,,,,,,,,,,,,,,,,,left_only
366,https://database.factgrid.de/entity/Q389857,Point(44.4668 32.2961),Tall al-Dilaiym,تل الدليم,253.0,893987.0,,,,,,,,,,,,,,,,,,,,,,,,,,,,,,,,,,,,,,,,,,,,,,,,,,,,,,,,,,,,,,,,,,,,,,,,,,,,,,,,,,,,,left_only
370,https://database.factgrid.de/entity/Q389860,Point(45.8549 31.2832),Tall al-Sankarah,تل السنكرة,168.0,912897.0,,,,,,,,,,,,,,,,,,,,,,,,,,,,,,,,,,,,,,,,,,,,,,,,,,,,,,,,,,,,,,,,,,,,,,,,,,,,,,,,,,,,,left_only
390,https://database.factgrid.de/entity/Q389890,Point(42.9369 36.6888),Tall Baqāq,تل بقاق,,977603753.0,,,,,,,,,,,,,,,,,,,,,,,,,,,,,,,,,,,,,,,,,,,,,,,,,,,,,,,,,,,,,,,,,,,,,,,,,,,,,,,,,,,,,left_only
391,https://database.factgrid.de/entity/Q389821,Point(41.4851 36.3757),Bārah,بارة,27.0,914118847.0,,,,,,,,,,,,,,,,,,,,,,,,,,,,,,,,,,,,,,,,,,,,,,,,,,,,,,,,,,,,,,,,,,,,,,,,,,,,,,,,,,,,,left_only
402,https://database.factgrid.de/entity/Q389662,Point(34.8956 36.9123),Gözlükule,,,648789.0,,,,,,,,,,,,,,,,,,,,,,,,,,,,,,,,,,,,,,,,,,,,,,,,,,,,,,,,,,,,,,,,,,,,,,,,,,,,,,,,,,,,,left_only
411,https://database.factgrid.de/entity/Q389652,Point(35.1023 31.5245),Tel Hebron,,,687915.0,,,,,,,,,,,,,,,,,,,,,,,,,,,,,,,,,,,,,,,,,,,,,,,,,,,,,,,,,,,,,,,,,,,,,,,,,,,,,,,,,,,,,left_only
412,https://database.factgrid.de/entity/Q389653,Point(27.4241 37.0379),Halicarnassos,,382.0,461581651.0,,,,,,,,,,,,,,,,,,,,,,,,,,,,,,,,,,,,,,,,,,,,,,,,,,,,,,,,,,,,,,,,,,,,,,,,,,,,,,,,,,,,,left_only
414,https://database.factgrid.de/entity/Q85914,Point(36.7479 35.131),Ḥamāh,حماة,384.0,,,,,,,,,,,,,,,,,,,,,,,,,,,,,,,,,,,,,,,,,,,,,,,,,,,,,,,,,,,,,,,,,,,,,,,,,,,,,,,,,,,,,,left_only
416,https://database.factgrid.de/entity/Q389643,Point(34.445 31.3872),Tel Gamma,,,309101265.0,,,,,,,,,,,,,,,,,,,,,,,,,,,,,,,,,,,,,,,,,,,,,,,,,,,,,,,,,,,,,,,,,,,,,,,,,,,,,,,,,,,,,left_only
418,https://database.factgrid.de/entity/Q90458,Point(32.8158 25.9966),Qufṭ,قفـط,,786010.0,,,,,,,,,,,,,,,,,,,,,,,,,,,,,,,,,,,,,,,,,,,,,,,,,,,,,,,,,,,,,,,,,,,,,,,,,,,,,,,,,,,,,left_only
419,https://database.factgrid.de/entity/Q389607,Point(31.908 26.1747),Abīdūs,أبيدوس,104.0,756512.0,,,,,,,,,,,,,,,,,,,,,,,,,,,,,,,,,,,,,,,,,,,,,,,,,,,,,,,,,,,,,,,,,,,,,,,,,,,,,,,,,,,,,left_only
420,https://database.factgrid.de/entity/Q389622,Point(32.1774 30.8579),Kūm Dafnah,كوم دفنة,,,,,,,,,,,,,,,,,,,,,,,,,,,,,,,,,,,,,,,,,,,,,,,,,,,,,,,,,,,,,,,,,,,,,,,,,,,,,,,,,,,,,,,left_only
423,https://database.factgrid.de/entity/Q389666,Point(26.886 37.6721),Ηeraio Samou,,,599641.0,,,,,,,,,,,,,,,,,,,,,,,,,,,,,,,,,,,,,,,,,,,,,,,,,,,,,,,,,,,,,,,,,,,,,,,,,,,,,,,,,,,,,left_only
426,https://database.factgrid.de/entity/Q389687,Point(47.4318 34.3881),Bīsutūn,بیستون,237.0,903002.0,,,,,,,,,,,,,,,,,,,,,,,,,,,,,,,,,,,,,,,,,,,,,,,,,,,,,,,,,,,,,,,,,,,,,,,,,,,,,,,,,,,,,left_only
431,https://database.factgrid.de/entity/Q389603,Point(45.6233 31.9509),Bismāyā,بسمايا,252.0,787747618.0,,,,,,,,,,,,,,,,,,,,,,,,,,,,,,,,,,,,,,,,,,,,,,,,,,,,,,,,,,,,,,,,,,,,,,,,,,,,,,,,,,,,,left_only
433,https://database.factgrid.de/entity/Q389608,Point(32.8728 24.9782),Idfū,إدفو,,785974.0,,,,,,,,,,,,,,,,,,,,,,,,,,,,,,,,,,,,,,,,,,,,,,,,,,,,,,,,,,,,,,,,,,,,,,,,,,,,,,,,,,,,,left_only
438,https://database.factgrid.de/entity/Q389627,Point(43.682 35.3819),Tall ‘Ali,تل علي,,532748466.0,,,,,,,,,,,,,,,,,,,,,,,,,,,,,,,,,,,,,,,,,,,,,,,,,,,,,,,,,,,,,,,,,,,,,,,,,,,,,,,,,,,,,left_only
443,https://database.factgrid.de/entity/Q389612,Point(31.8233 30.7867),Tall al-Ḍabʻa,تل الضبعة,,727080.0,,,,,,,,,,,,,,,,,,,,,,,,,,,,,,,,,,,,,,,,,,,,,,,,,,,,,,,,,,,,,,,,,,,,,,,,,,,,,,,,,,,,,left_only
446,https://database.factgrid.de/entity/Q389640,Point(34.911 31.7847),Tel Batash,,404.0,746825.0,,,,,,,,,,,,,,,,,,,,,,,,,,,,,,,,,,,,,,,,,,,,,,,,,,,,,,,,,,,,,,,,,,,,,,,,,,,,,,,,,,,,,left_only
447,https://database.factgrid.de/entity/Q389658,Point(34.6164 40.0144),Boğazkale,,171.0,283602441.0,,,,,,,,,,,,,,,,,,,,,,,,,,,,,,,,,,,,,,,,,,,,,,,,,,,,,,,,,,,,,,,,,,,,,,,,,,,,,,,,,,,,,left_only
449,https://database.factgrid.de/entity/Q389619,Point(31.8345 30.8017),Qantīr,قنتير,,,,,,,,,,,,,,,,,,,,,,,,,,,,,,,,,,,,,,,,,,,,,,,,,,,,,,,,,,,,,,,,,,,,,,,,,,,,,,,,,,,,,,,left_only
451,https://database.factgrid.de/entity/Q90458,Point(32.816666666 26.0),Qufṭ,قفـط,,786010.0,,,,,,,,,,,,,,,,,,,,,,,,,,,,,,,,,,,,,,,,,,,,,,,,,,,,,,,,,,,,,,,,,,,,,,,,,,,,,,,,,,,,,left_only
455,https://database.factgrid.de/entity/Q389656,Point(33.5352 40.381),İnandık,,,,,,,,,,,,,,,,,,,,,,,,,,,,,,,,,,,,,,,,,,,,,,,,,,,,,,,,,,,,,,,,,,,,,,,,,,,,,,,,,,,,,,,,left_only
456,https://database.factgrid.de/entity/Q389623,Point(25.1332 35.3402),Irákleio,,,589802.0,,,,,,,,,,,,,,,,,,,,,,,,,,,,,,,,,,,,,,,,,,,,,,,,,,,,,,,,,,,,,,,,,,,,,,,,,,,,,,,,,,,,,left_only
458,https://database.factgrid.de/entity/Q389648,Point(35.5469 32.1038),Tall Dāmiyā,تل داميا,,,,,,,,,,,,,,,,,,,,,,,,,,,,,,,,,,,,,,,,,,,,,,,,,,,,,,,,,,,,,,,,,,,,,,,,,,,,,,,,,,,,,,,left_only
461,https://database.factgrid.de/entity/Q389635,Point(35.1828 32.5822),Megiddo,,272.0,26356565.0,,,,,,,,,,,,,,,,,,,,,,,,,,,,,,,,,,,,,,,,,,,,,,,,,,,,,,,,,,,,,,,,,,,,,,,,,,,,,,,,,,,,,left_only
465,https://database.factgrid.de/entity/Q389649,Point(14.5519 35.8459),Ta' Berikka,,259.0,601235773.0,,,,,,,,,,,,,,,,,,,,,,,,,,,,,,,,,,,,,,,,,,,,,,,,,,,,,,,,,,,,,,,,,,,,,,,,,,,,,,,,,,,,,left_only
466,https://database.factgrid.de/entity/Q389615,Point(31.8845 30.9746),Ṣan al-Hagar,صان الحجر,,727236.0,,,,,,,,,,,,,,,,,,,,,,,,,,,,,,,,,,,,,,,,,,,,,,,,,,,,,,,,,,,,,,,,,,,,,,,,,,,,,,,,,,,,,left_only
468,https://database.factgrid.de/entity/Q85914,Point(36.75 35.133333333),Ḥamāh,حماة,384.0,,,,,,,,,,,,,,,,,,,,,,,,,,,,,,,,,,,,,,,,,,,,,,,,,,,,,,,,,,,,,,,,,,,,,,,,,,,,,,,,,,,,,,left_only
469,https://database.factgrid.de/entity/Q389625,Point(22.8003 37.5992),Tiryntha,,,570740.0,,,,,,,,,,,,,,,,,,,,,,,,,,,,,,,,,,,,,,,,,,,,,,,,,,,,,,,,,,,,,,,,,,,,,,,,,,,,,,,,,,,,,left_only
470,https://database.factgrid.de/entity/Q389638,Point(34.9311 32.1053),Tel Afek,,10.0,687996.0,,,,,,,,,,,,,,,,,,,,,,,,,,,,,,,,,,,,,,,,,,,,,,,,,,,,,,,,,,,,,,,,,,,,,,,,,,,,,,,,,,,,,left_only
472,https://database.factgrid.de/entity/Q389686,Point(50.8744 28.8853),Būs̱har,بوشهر,,,,,,,,,,,,,,,,,,,,,,,,,,,,,,,,,,,,,,,,,,,,,,,,,,,,,,,,,,,,,,,,,,,,,,,,,,,,,,,,,,,,,,,left_only
473,https://database.factgrid.de/entity/Q389685,Point(44.9473 38.8859),Basṭām,بسطام,,874396.0,,,,,,,,,,,,,,,,,,,,,,,,,,,,,,,,,,,,,,,,,,,,,,,,,,,,,,,,,,,,,,,,,,,,,,,,,,,,,,,,,,,,,left_only
474,https://database.factgrid.de/entity/Q389611,Point(32.6586 25.7168),Al-Karnak,الكرنك,,786050.0,,,,,,,,,,,,,,,,,,,,,,,,,,,,,,,,,,,,,,,,,,,,,,,,,,,,,,,,,,,,,,,,,,,,,,,,,,,,,,,,,,,,,left_only
477,https://database.factgrid.de/entity/Q389670,Point(38.0609 36.1501),Ḥabūbah,حبوبة,44.0,923122730.0,,,,,,,,,,,,,,,,,,,,,,,,,,,,,,,,,,,,,,,,,,,,,,,,,,,,,,,,,,,,,,,,,,,,,,,,,,,,,,,,,,,,,left_only
478,https://database.factgrid.de/entity/Q389621,Point(32.5527 30.113),Kūbrī,كوبري,427.0,,,,,,,,,,,,,,,,,,,,,,,,,,,,,,,,,,,,,,,,,,,,,,,,,,,,,,,,,,,,,,,,,,,,,,,,,,,,,,,,,,,,,,left_only
482,https://database.factgrid.de/entity/Q389651,Point(35.1897 32.2763),Al-Sāmirah,السامرة,398.0,678370.0,,,,,,,,,,,,,,,,,,,,,,,,,,,,,,,,,,,,,,,,,,,,,,,,,,,,,,,,,,,,,,,,,,,,,,,,,,,,,,,,,,,,,left_only
483,https://database.factgrid.de/entity/Q92481,Point(23.3177 38.3207),Thiva,,403.0,541138.0,,,,,,,,,,,,,,,,,,,,,,,,,,,,,,,,,,,,,,,,,,,,,,,,,,,,,,,,,,,,,,,,,,,,,,,,,,,,,,,,,,,,,left_only
486,https://database.factgrid.de/entity/Q389610,Point(30.8959 27.64),Al-‘Amārnah,العمارنة,266.0,149576487.0,,,,,,,,,,,,,,,,,,,,,,,,,,,,,,,,,,,,,,,,,,,,,,,,,,,,,,,,,,,,,,,,,,,,,,,,,,,,,,,,,,,,,left_only
493,https://database.factgrid.de/entity/Q389617,Point(31.7964 30.7276),Fāqūs,فاقوس,,,,,,,,,,,,,,,,,,,,,,,,,,,,,,,,,,,,,,,,,,,,,,,,,,,,,,,,,,,,,,,,,,,,,,,,,,,,,,,,,,,,,,,left_only
496,https://database.factgrid.de/entity/Q390020,Point(43.3385 36.1022),Nimrūd,نمرود,229.0,894019.0,,,,,,,,,,,,,,,,,,,,,,,,,,,,,,,,,,,,,,,,,,,,,,,,,,,,,,,,,,,,,,,,,,,,,,,,,,,,,,,,,,,,,left_only
515,https://database.factgrid.de/entity/Q390010,Point(44.3957 35.4701),Kirkūk,كركوك,165.0,893941.0,,,,,,,,,,,,,,,,,,,,,,,,,,,,,,,,,,,,,,,,,,,,,,,,,,,,,,,,,,,,,,,,,,,,,,,,,,,,,,,,,,,,,left_only
539,https://database.factgrid.de/entity/Q390045,Point(36.9253 37.587),Kahramanmaraş,,394.0,658474.0,,,,,,,,,,,,,,,,,,,,,,,,,,,,,,,,,,,,,,,,,,,,,,,,,,,,,,,,,,,,,,,,,,,,,,,,,,,,,,,,,,,,,left_only
553,https://database.factgrid.de/entity/Q390027,Point(48.3276 32.0803),Haft Tapah,هفت تپه,100.0,379400932.0,,,,,,,,,,,,,,,,,,,,,,,,,,,,,,,,,,,,,,,,,,,,,,,,,,,,,,,,,,,,,,,,,,,,,,,,,,,,,,,,,,,,,left_only
554,https://database.factgrid.de/entity/Q390018,Point(45.9403 35.2215),Bakr Āwā,نكرأوI,,,,,,,,,,,,,,,,,,,,,,,,,,,,,,,,,,,,,,,,,,,,,,,,,,,,,,,,,,,,,,,,,,,,,,,,,,,,,,,,,,,,,,,left_only
579,https://database.factgrid.de/entity/Q390014,Point(44.5949 32.5455),Kīsh,كيش,71.0,894028.0,,,,,,,,,,,,,,,,,,,,,,,,,,,,,,,,,,,,,,,,,,,,,,,,,,,,,,,,,,,,,,,,,,,,,,,,,,,,,,,,,,,,,left_only
580,https://database.factgrid.de/entity/Q390014,Point(44.5949 32.5455),Kīsh,كيش,85.0,894028.0,,,,,,,,,,,,,,,,,,,,,,,,,,,,,,,,,,,,,,,,,,,,,,,,,,,,,,,,,,,,,,,,,,,,,,,,,,,,,,,,,,,,,left_only
581,https://database.factgrid.de/entity/Q390014,Point(44.5949 32.5455),Kīsh,كيش,184.0,894028.0,,,,,,,,,,,,,,,,,,,,,,,,,,,,,,,,,,,,,,,,,,,,,,,,,,,,,,,,,,,,,,,,,,,,,,,,,,,,,,,,,,,,,left_only
582,https://database.factgrid.de/entity/Q390014,Point(44.5949 32.5455),Kīsh,كيش,281.0,894028.0,,,,,,,,,,,,,,,,,,,,,,,,,,,,,,,,,,,,,,,,,,,,,,,,,,,,,,,,,,,,,,,,,,,,,,,,,,,,,,,,,,,,,left_only
583,https://database.factgrid.de/entity/Q390014,Point(44.5949 32.5455),Kīsh,كيش,391.0,894028.0,,,,,,,,,,,,,,,,,,,,,,,,,,,,,,,,,,,,,,,,,,,,,,,,,,,,,,,,,,,,,,,,,,,,,,,,,,,,,,,,,,,,,left_only
601,https://database.factgrid.de/entity/Q390020,Point(43.3385 36.1022),Nimrūd,نمرود,81.0,894019.0,,,,,,,,,,,,,,,,,,,,,,,,,,,,,,,,,,,,,,,,,,,,,,,,,,,,,,,,,,,,,,,,,,,,,,,,,,,,,,,,,,,,,left_only
